"2","{'id': 2, 'name': 'Ervin Howell', 'username': 'Antonette', 'email': 'Shanna@melissa.tv', 'address': {'street': 'Victor Plains', 'suite': 'Suite 879', 'city': 'Wisokyburgh', 'zipcode': '90566-7771', 'geo': {'lat': '-43.9509', 'lng': '-34.4618'}}, 'phone': '010-692-6593 x09125', 'website': 'anastasia.net', 'company': {'name': 'Deckow-Crist', 'catchPhrase': 'Proactive didactic contingency', 'bs': 'synergize scalable supply-chains'}}","False","suscipit repellat esse quibusdam voluptatem incidunt"
"2","{'id': 2, 'name': 'Ervin Howell', 'username': 'Antonette', 'email': 'Shanna@melissa.tv', 'address': {'street': 'Victor Plains', 'suite': 'Suite 879', 'city': 'Wisokyburgh', 'zipcode': '90566-7771', 'geo': {'lat': '-43.9509', 'lng': '-34.4618'}}, 'phone': '010-692-6593 x09125', 'website': 'anastasia.net', 'company': {'name': 'Deckow-Crist', 'catchPhrase': 'Proactive didactic contingency', 'bs': 'synergize scalable supply-chains'}}","True","distinctio vitae autem nihil ut molestias quo"
"2","{'id': 2, 'name': 'Ervin Howell', 'username': 'Antonette', 'email': 'Shanna@melissa.tv', 'address': {'street': 'Victor Plains', 'suite': 'Suite 879', 'city': 'Wisokyburgh', 'zipcode': '90566-7771', 'geo': {'lat': '-43.9509', 'lng': '-34.4618'}}, 'phone': '010-692-6593 x09125', 'website': 'anastasia.net', 'company': {'name': 'Deckow-Crist', 'catchPhrase': 'Proactive didactic contingency', 'bs': 'synergize scalable supply-chains'}}","False","et itaque necessitatibus maxime molestiae qui quas velit"
"2","{'id': 2, 'name': 'Ervin Howell', 'username': 'Antonette', 'email': 'Shanna@melissa.tv', 'address': {'street': 'Victor Plains', 'suite': 'Suite 879', 'city': 'Wisokyburgh', 'zipcode': '90566-7771', 'geo': {'lat': '-43.9509', 'lng': '-34.4618'}}, 'phone': '010-692-6593 x09125', 'website': 'anastasia.net', 'company': {'name': 'Deckow-Crist', 'catchPhrase': 'Proactive didactic contingency', 'bs': 'synergize scalable supply-chains'}}","False","adipisci non ad dicta qui amet quaerat doloribus ea"
"2","{'id': 2, 'name': 'Ervin Howell', 'username': 'Antonette', 'email': 'Shanna@melissa.tv', 'address': {'street': 'Victor Plains', 'suite': 'Suite 879', 'city': 'Wisokyburgh', 'zipcode': '90566-7771', 'geo': {'lat': '-43.9509', 'lng': '-34.4618'}}, 'phone': '010-692-6593 x09125', 'website': 'anastasia.net', 'company': {'name': 'Deckow-Crist', 'catchPhrase': 'Proactive didactic contingency', 'bs': 'synergize scalable supply-chains'}}","True","voluptas quo tenetur perspiciatis explicabo natus"
"2","{'id': 2, 'name': 'Ervin Howell', 'username': 'Antonette', 'email': 'Shanna@melissa.tv', 'address': {'street': 'Victor Plains', 'suite': 'Suite 879', 'city': 'Wisokyburgh', 'zipcode': '90566-7771', 'geo': {'lat': '-43.9509', 'lng': '-34.4618'}}, 'phone': '010-692-6593 x09125', 'website': 'anastasia.net', 'company': {'name': 'Deckow-Crist', 'catchPhrase': 'Proactive didactic contingency', 'bs': 'synergize scalable supply-chains'}}","True","aliquam aut quasi"
"2","{'id': 2, 'name': 'Ervin Howell', 'username': 'Antonette', 'email': 'Shanna@melissa.tv', 'address': {'street': 'Victor Plains', 'suite': 'Suite 879', 'city': 'Wisokyburgh', 'zipcode': '90566-7771', 'geo': {'lat': '-43.9509', 'lng': '-34.4618'}}, 'phone': '010-692-6593 x09125', 'website': 'anastasia.net', 'company': {'name': 'Deckow-Crist', 'catchPhrase': 'Proactive didactic contingency', 'bs': 'synergize scalable supply-chains'}}","True","veritatis pariatur delectus"
"2","{'id': 2, 'name': 'Ervin Howell', 'username': 'Antonette', 'email': 'Shanna@melissa.tv', 'address': {'street': 'Victor Plains', 'suite': 'Suite 879', 'city': 'Wisokyburgh', 'zipcode': '90566-7771', 'geo': {'lat': '-43.9509', 'lng': '-34.4618'}}, 'phone': '010-692-6593 x09125', 'website': 'anastasia.net', 'company': {'name': 'Deckow-Crist', 'catchPhrase': 'Proactive didactic contingency', 'bs': 'synergize scalable supply-chains'}}","False","nesciunt totam sit blanditiis sit"
"2","{'id': 2, 'name': 'Ervin Howell', 'username': 'Antonette', 'email': 'Shanna@melissa.tv', 'address': {'street': 'Victor Plains', 'suite': 'Suite 879', 'city': 'Wisokyburgh', 'zipcode': '90566-7771', 'geo': {'lat': '-43.9509', 'lng': '-34.4618'}}, 'phone': '010-692-6593 x09125', 'website': 'anastasia.net', 'company': {'name': 'Deckow-Crist', 'catchPhrase': 'Proactive didactic contingency', 'bs': 'synergize scalable supply-chains'}}","False","laborum aut in quam"
"2","{'id': 2, 'name': 'Ervin Howell', 'username': 'Antonette', 'email': 'Shanna@melissa.tv', 'address': {'street': 'Victor Plains', 'suite': 'Suite 879', 'city': 'Wisokyburgh', 'zipcode': '90566-7771', 'geo': {'lat': '-43.9509', 'lng': '-34.4618'}}, 'phone': '010-692-6593 x09125', 'website': 'anastasia.net', 'company': {'name': 'Deckow-Crist', 'catchPhrase': 'Proactive didactic contingency', 'bs': 'synergize scalable supply-chains'}}","True","nemo perspiciatis repellat ut dolor libero commodi blanditiis omnis"
"2","{'id': 2, 'name': 'Ervin Howell', 'username': 'Antonette', 'email': 'Shanna@melissa.tv', 'address': {'street': 'Victor Plains', 'suite': 'Suite 879', 'city': 'Wisokyburgh', 'zipcode': '90566-7771', 'geo': {'lat': '-43.9509', 'lng': '-34.4618'}}, 'phone': '010-692-6593 x09125', 'website': 'anastasia.net', 'company': {'name': 'Deckow-Crist', 'catchPhrase': 'Proactive didactic contingency', 'bs': 'synergize scalable supply-chains'}}","False","repudiandae totam in est sint facere fuga"
"2","{'id': 2, 'name': 'Ervin Howell', 'username': 'Antonette', 'email': 'Shanna@melissa.tv', 'address': {'street': 'Victor Plains', 'suite': 'Suite 879', 'city': 'Wisokyburgh', 'zipcode': '90566-7771', 'geo': {'lat': '-43.9509', 'lng': '-34.4618'}}, 'phone': '010-692-6593 x09125', 'website': 'anastasia.net', 'company': {'name': 'Deckow-Crist', 'catchPhrase': 'Proactive didactic contingency', 'bs': 'synergize scalable supply-chains'}}","False","earum doloribus ea doloremque quis"
"2","{'id': 2, 'name': 'Ervin Howell', 'username': 'Antonette', 'email': 'Shanna@melissa.tv', 'address': {'street': 'Victor Plains', 'suite': 'Suite 879', 'city': 'Wisokyburgh', 'zipcode': '90566-7771', 'geo': {'lat': '-43.9509', 'lng': '-34.4618'}}, 'phone': '010-692-6593 x09125', 'website': 'anastasia.net', 'company': {'name': 'Deckow-Crist', 'catchPhrase': 'Proactive didactic contingency', 'bs': 'synergize scalable supply-chains'}}","False","sint sit aut vero"
"2","{'id': 2, 'name': 'Ervin Howell', 'username': 'Antonette', 'email': 'Shanna@melissa.tv', 'address': {'street': 'Victor Plains', 'suite': 'Suite 879', 'city': 'Wisokyburgh', 'zipcode': '90566-7771', 'geo': {'lat': '-43.9509', 'lng': '-34.4618'}}, 'phone': '010-692-6593 x09125', 'website': 'anastasia.net', 'company': {'name': 'Deckow-Crist', 'catchPhrase': 'Proactive didactic contingency', 'bs': 'synergize scalable supply-chains'}}","False","porro aut necessitatibus eaque distinctio"
"2","{'id': 2, 'name': 'Ervin Howell', 'username': 'Antonette', 'email': 'Shanna@melissa.tv', 'address': {'street': 'Victor Plains', 'suite': 'Suite 879', 'city': 'Wisokyburgh', 'zipcode': '90566-7771', 'geo': {'lat': '-43.9509', 'lng': '-34.4618'}}, 'phone': '010-692-6593 x09125', 'website': 'anastasia.net', 'company': {'name': 'Deckow-Crist', 'catchPhrase': 'Proactive didactic contingency', 'bs': 'synergize scalable supply-chains'}}","True","repellendus veritatis molestias dicta incidunt"
"2","{'id': 2, 'name': 'Ervin Howell', 'username': 'Antonette', 'email': 'Shanna@melissa.tv', 'address': {'street': 'Victor Plains', 'suite': 'Suite 879', 'city': 'Wisokyburgh', 'zipcode': '90566-7771', 'geo': {'lat': '-43.9509', 'lng': '-34.4618'}}, 'phone': '010-692-6593 x09125', 'website': 'anastasia.net', 'company': {'name': 'Deckow-Crist', 'catchPhrase': 'Proactive didactic contingency', 'bs': 'synergize scalable supply-chains'}}","True","excepturi deleniti adipisci voluptatem et neque optio illum ad"
"2","{'id': 2, 'name': 'Ervin Howell', 'username': 'Antonette', 'email': 'Shanna@melissa.tv', 'address': {'street': 'Victor Plains', 'suite': 'Suite 879', 'city': 'Wisokyburgh', 'zipcode': '90566-7771', 'geo': {'lat': '-43.9509', 'lng': '-34.4618'}}, 'phone': '010-692-6593 x09125', 'website': 'anastasia.net', 'company': {'name': 'Deckow-Crist', 'catchPhrase': 'Proactive didactic contingency', 'bs': 'synergize scalable supply-chains'}}","False","sunt cum tempora"
"2","{'id': 2, 'name': 'Ervin Howell', 'username': 'Antonette', 'email': 'Shanna@melissa.tv', 'address': {'street': 'Victor Plains', 'suite': 'Suite 879', 'city': 'Wisokyburgh', 'zipcode': '90566-7771', 'geo': {'lat': '-43.9509', 'lng': '-34.4618'}}, 'phone': '010-692-6593 x09125', 'website': 'anastasia.net', 'company': {'name': 'Deckow-Crist', 'catchPhrase': 'Proactive didactic contingency', 'bs': 'synergize scalable supply-chains'}}","False","totam quia non"
"2","{'id': 2, 'name': 'Ervin Howell', 'username': 'Antonette', 'email': 'Shanna@melissa.tv', 'address': {'street': 'Victor Plains', 'suite': 'Suite 879', 'city': 'Wisokyburgh', 'zipcode': '90566-7771', 'geo': {'lat': '-43.9509', 'lng': '-34.4618'}}, 'phone': '010-692-6593 x09125', 'website': 'anastasia.net', 'company': {'name': 'Deckow-Crist', 'catchPhrase': 'Proactive didactic contingency', 'bs': 'synergize scalable supply-chains'}}","False","doloremque quibusdam asperiores libero corrupti illum qui omnis"
"2","{'id': 2, 'name': 'Ervin Howell', 'username': 'Antonette', 'email': 'Shanna@melissa.tv', 'address': {'street': 'Victor Plains', 'suite': 'Suite 879', 'city': 'Wisokyburgh', 'zipcode': '90566-7771', 'geo': {'lat': '-43.9509', 'lng': '-34.4618'}}, 'phone': '010-692-6593 x09125', 'website': 'anastasia.net', 'company': {'name': 'Deckow-Crist', 'catchPhrase': 'Proactive didactic contingency', 'bs': 'synergize scalable supply-chains'}}","True","totam atque quo nesciunt"
